{
  "train_mmd_hist": {
    "MMD": {
      "2": [
        0.028638067511815173,
        0.028843836175825147,
        0.03156838266916079,
        0.03478033694116425,
        0.04216035203930979,
        0.03445214687259559,
        0.03888410209927496,
        0.03528751469420278,
        0.03448507611604487,
        0.03401466440277007
      ],
      "5": [
        0.038078256861761355,
        0.04695455591476818,
        0.05738900610581217,
        0.05664357363568592,
        0.053524949177393415,
        0.05312310866084639,
        0.05218437020953798,
        0.04912380690209709,
        0.049328201023919147,
        0.047730959009520395
      ],
      "10": [
        0.06313849296707713,
        0.06477610431434984,
        0.06391241071277885,
        0.06424200603676633,
        0.06375691998237965,
        0.0643868111603633,
        0.06386962396167749,
        0.06429489551032606,
        0.06377781618616027,
        0.0641090166953644
      ],
      "20": [
        0.010171010953449243,
        0.004655684026121493,
        0.004021171394347156,
        0.004081542498290857,
        0.004035153046638762,
        0.00409818652706106,
        0.004109856790655527,
        0.004038442324039248,
        0.004034275694428038,
        0.004073135040025116
      ],
      "40": [
        0.004696315669321477,
        0.0011759140697818306,
        5.443228231933325e-05,
        3.9790578226547e-05,
        1.7345132071663343e-05,
        2.338280777431891e-05,
        1.3217330134117323e-05,
        1.715233664339247e-05,
        1.2388941902577351e-05,
        1.4894273224087008e-05
      ],
      "60": [
        0.0023454275089137794,
        0.0006989158741062616,
        2.41914569363078e-05,
        8.479486340896879e-06,
        7.3787612745083726e-06,
        1.032060428502665e-05,
        7.988005964542293e-06,
        5.553739205536861e-06,
        8.60593055735063e-06,
        6.46264759788645e-06
      ],
      "80": [
        0.0025045727161341347,
        0.0002124279956130578,
        8.876178278558792e-06,
        6.575050526506861e-06,
        7.028095609350108e-06,
        6.717654571544888e-06,
        6.122043504508243e-06,
        7.551628385053371e-06,
        6.869651817517207e-06,
        6.6503865761371765e-06
      ]
    },
    "Stein": {
      "2": [
        0.2651879562426941,
        0.2776333844704086,
        0.2770226417347718,
        0.2787997827498834,
        0.2770025676460628,
        0.27747064066159216,
        0.2829082838096325,
        0.2791849432680844,
        0.2809656340434653,
        0.28210697775062227
      ],
      "5": [
        0.46910943548632034,
        0.5024456306938877,
        0.5041174255134935,
        0.5055246665296962,
        0.49971173548302944,
        0.5027490782229256,
        0.49989031820218144,
        0.49934060808041647,
        0.4993775811805544,
        0.49938084185123444
      ],
      "10": [
        0.5747382851478631,
        0.6155868446657443,
        0.6143530303550557,
        0.6127795125070906,
        0.6130109317777281,
        0.6137290961369519,
        0.6136637791920613,
        0.6128139354606376,
        0.6131553596229915,
        0.6125019274616693
      ],
      "20": [
        0.5738642583496347,
        0.629177174155746,
        0.6298085623442844,
        0.6279385574338561,
        0.6276721931746786,
        0.6279524766720866,
        0.6279541453196539,
        0.6282754301742355,
        0.6282746352573142,
        0.6284118784829904
      ],
      "40": [
        0.5495935279088535,
        0.6198299501744492,
        0.6202048564691679,
        0.6207549128487212,
        0.6200003186108377,
        0.6194139384262934,
        0.6193123897670004,
        0.6192385935670391,
        0.6192449702753275,
        0.6194145714784686
      ],
      "60": [
        0.5389043493600123,
        0.6152115866753727,
        0.616301262265698,
        0.6164405960324816,
        0.61614480388673,
        0.6160039879134481,
        0.6160931907841379,
        0.6160769821343264,
        0.6160943078768761,
        0.6161186017131354
      ],
      "80": [
        0.5414943712960146,
        0.6131028210947299,
        0.6137783667205069,
        0.6142493356460643,
        0.614656934805956,
        0.614618121871451,
        0.614770321766912,
        0.6148536160093914,
        0.6148855087316432,
        0.6148923696217379
      ]
    },
    "Sinkhorn": {
      "2": [
        0.029389407319100617,
        0.028489830137491977,
        0.025739039211661964,
        0.027027450051705985,
        0.026460021910791713,
        0.02696536866047583,
        0.02527008790487503,
        0.02650469539784142,
        0.02868046895158091,
        0.025842838404232293
      ],
      "5": [
        0.059280347809530974,
        0.061656959355980936,
        0.06478185370626255,
        0.06259485689914339,
        0.06351413115554476,
        0.06590354146275303,
        0.0635278604028667,
        0.06458958797156811,
        0.061545860533209706,
        0.06291668289931385
      ],
      "10": [
        0.11208724782314435,
        0.11859430868831856,
        0.11951365447227989,
        0.12039299406358416,
        0.12087004697082732,
        0.12148483524814037,
        0.12074126764002005,
        0.11913432413932837,
        0.11996192495687313,
        0.12216981141982486
      ],
      "20": [
        0.09448542477057086,
        0.10050323891554963,
        0.10052907844714079,
        0.10114044360639925,
        0.10032048297083773,
        0.10236013221655976,
        0.10246285003437815,
        0.10215071419262774,
        0.10258679365589156,
        0.10155773667786358
      ],
      "40": [
        0.06802829870770237,
        0.0695932011574648,
        0.06975714485403768,
        0.07041054479424705,
        0.07034966815704417,
        0.07071015951157464,
        0.07111995841124893,
        0.07131252504037737,
        0.07189047347171612,
        0.07149072838020268
      ],
      "60": [
        0.059685746965757035,
        0.060198197697434945,
        0.05963104491020548,
        0.05959011839429067,
        0.06025937216365224,
        0.06048843828669939,
        0.06061911526449484,
        0.06165766293156486,
        0.06125661694572718,
        0.061813427823909084
      ],
      "80": [
        0.05318460952518603,
        0.05356887673244092,
        0.053086539209595225,
        0.053968356074809466,
        0.05453540544550848,
        0.05533605750420647,
        0.05575801649294193,
        0.05575572826427306,
        0.055727106585251214,
        0.05598092815392955
      ]
    },
    "Cramer": {
      "2": [
        0.027996520909052608,
        0.03453213960744476,
        0.028933573432566854,
        0.03232470786329182,
        0.041125809233106,
        0.04361014402917282,
        0.04508976199221687,
        0.04449324076443522,
        0.0405483642301712,
        0.037059620634092114
      ],
      "5": [
        0.020403306649874244,
        0.024372801346863263,
        0.034149017436010544,
        0.04409507564291076,
        0.0486359243210564,
        0.06251179872597104,
        0.06972539310136112,
        0.055069637510779874,
        0.050776114686220106,
        0.05421472241620917
      ],
      "10": [
        0.008174876293213817,
        0.0107906661221208,
        0.019837876560025235,
        0.02754572696511532,
        0.03587393106570494,
        0.04083701515331935,
        0.04524527596954203,
        0.04908428379992173,
        0.05124894607264849,
        0.04816997504541518
      ],
      "20": [
        0.0011737070358990055,
        0.0016432096517875999,
        0.003758631758496686,
        0.00654954928573733,
        0.008830973252287726,
        0.009994862048877888,
        0.008375860987367964,
        0.008043088598384564,
        0.008101126878142744,
        0.007899281944554316
      ],