{
  "ELBOVAE": {
    "mmd": [
      0.934424638748169,
      0.7099063396453857,
      0.5182710886001587,
      0.33252060413360596,
      0.34957435727119446,
      0.3721650540828705,
      1.0
    ],
    "recon": [
      170.26183041992186,
      132.63746596679687,
      113.5359812133789,
      105.77642760009766,
      106.93837166748047,
      107.3810009765625,
      206.99406513671875
    ],
    "ss_err": [
      0.6369,
      0.5912,
      0.2872,
      0.1734,
      0.10340000000000005,
      0.09750000000000003,
      0.902
    ],
    "train_time": [
      66.59933590888977,
      65.83877086639404,
      66.09489178657532,
      65.81196618080139,
      66.01918959617615,
      66.5324649810791,
      66.73429131507874
    ]
  },
  "ReconAE": {
    "mmd": [
      0.827453076839447,
      0.5837027430534363,
      0.4086717665195465,
      0.12488347291946411,
      0.041126176714897156,
      0.03067118301987648,
      0.01062468159943819
    ],
    "recon": [
      169.239974609375,
      128.50797041015625,
      102.27194543457031,
      89.03638359375,
      83.41102717285156,
      81.1605374633789,
      79.97875815429687
    ],
    "ss_err": [
      0.6942999999999999,
      0.5253,
      0.36129999999999995,
      0.21409999999999996,
      0.126,
      0.10089999999999999,
      0.08350000000000002
    ],
    "train_time": [
      66.67581820487976,
      64.67531132698059,
      64.62097311019897,
      64.90381383895874,
      64.67905020713806,
      64.99240827560425,
      64.94224119186401
    ]
  },
  "FreeBitsVAE": {
    "mmd": [
      0.9586393237113953,
      0.6853640079498291,
      0.5071679949760437,
      0.28786057233810425,
      0.3008091151714325,
      0.36101147532463074,
      0.29771292209625244
    ],
    "recon": [
      168.37755825195313,
      133.32841015625,
      113.25310759277343,
      103.43792677001953,
      105.44642331542968,
      106.43721467285157,
      104.78566810302735
    ],
    "ss_err": [
      0.6248,
      0.5445,
      0.3196,
      0.16279999999999994,
      0.119,
      0.09109999999999996,
      0.09079999999999999
    ],
    "train_time": [
      67.0008864402771,
      66.36831545829773,
      66.26366972923279,
      66.43796849250793,
      66.71157121658325,
      66.50618124008179,
      66.35459446907043
    ]
  },
  "BNVAE": {
    "mmd": [
      0.9463260769844055,
      0.7213155627250671,
      0.48777130246162415,
      0.2891435921192169,
      0.2520456612110138,
      0.31901815533638,
      0.3057861328125
    ],
    "recon": [
      175.63352470703126,
      149.59473930664063,
      127.19593837890625,
      112.1462903564453,
      113.87232679443359,
      115.44114783935547,
      115.54480589599609
    ],
    "ss_err": [
      0.6886,
      0.6573,
      0.4256,
      0.20130000000000003,
      0.12380000000000002,
      0.10750000000000004,
      0.11399999999999999
    ],
    "train_time": [
      67.01083564758301,
      66.54794549942017,
      66.67044496536255,
      66.75341820716858,
      66.5709400177002,
      68.1874623298645,
      68.65785551071167
    ]
  },
  "BetaVAE": {
    "mmd": [
      0.98702073097229,
      0.7011483907699585,
      0.6589701175689697,
      0.6304518580436707,
      0.9999991059303284,
      1.0,
      1.0
    ],
    "recon": [
      175.2134384765625,
      147.3021494628906,
      140.43262534179686,
      140.94640666503906,
      206.8601724609375,
      206.88901928710936,
      207.53297097167967
    ],
    "ss_err": [
      0.7419,
      0.5158,
      0.32030000000000003,
      0.1773,
      0.902,
      0.902,
      0.902
    ],
    "train_time": [
      66.42520236968994,
      66.0282621383667,
      66.0364351272583,
      66.41331481933594,
      66.1364586353302,
      66.14262771606445,
      66.87197780609131
    ]
  },
  "AAE": {
    "mmd": [
      0.28988271951675415,
      0.2432408481836319,
      0.06434278190135956,
      0.004057866986840963,
      1.804370003810618e-05,
      3.683154773170827e-06,
      3.683154773170827e-06
    ],
    "recon": [
      168.21624057617188,
      133.4421007080078,
      104.04774721679688,
      91.28881745605469,
      82.69679399414062,
      83.86423428955078,
      83.52893367919921
    ],
    "ss_err": [
      0.6483,
      0.28200000000000003,
      0.12660000000000005,
      0.0937,
      0.08189999999999997,
      0.06459999999999999,
      0.07010000000000005
    ],
    "train_time": [
      68.87306594848633,
      67.99078512191772,
      68.23249769210815,
      67.93160104751587,
      68.57707643508911,
      67.79096961021423,
      67.85545325279236
    ]
  },
  "InfoVAE-MMD": {
    "mmd": [
      0.13490287959575653,
      0.11217720061540604,
      0.0700383260846138,
      0.010980943217873573,
      0.00014173382078297436,
      0.0,
      0.0
    ],
    "recon": [
      165.53120190429686,
      131.5918045654297,
      110.21893135986328,
      97.69617197265624,
      102.91771716308594,
      100.15210234375,
      102.41203269042968
    ],
    "ss_err": [
      0.6031,
      0.21389999999999998,
      0.138,
      0.12209999999999999,
      0.16659999999999997,
      0.1654,
      0.242
    ],
    "train_time": [
      70.94316720962524,
      71.18786382675171,
      70.61177611351013,
      71.97587394714355,
      71.95641613006592,
      72.31727194786072,
      71.41374182701111
    ]
  },
  "ContrastiveAE": {
    "mmd": [
      0.08895199000835419,
      0.09412867575883865,
      0.04402616620063782,
      0.005432065110653639,
      5.7112338254228234e-05,
      0.0,
      0.0
    ],
    "recon": [
      168.50011674804688,
      137.4959220703125,
      115.4789302734375,
      113.75335521240234,
      106.8484656982422,
      111.68744288330078,
      108.35739061279297
    ],
    "ss_err": [
      0.5931,
      0.2712,
      0.1713,
      0.1885,
      0.19140000000000001,
      0.24329999999999996,
      0.265
    ],
    "train_time": [
      69.0223319530487,
      68.66344118118286,
      68.61071491241455,
      68.50568222999573,
      68.9073326587677,
      68.58221864700317,
      68.7581250667572
    ]
  },
  "_meta": {
    "dims": [
      2,
      5,
      10,
      20,
      40,
      60,
      80
    ]
  }
}